airpol,src_crf,unit,geo\time	1990 	1991 	1992 	1993 	1994 	1995 	1996 	1997 	1998 	1999 	2000 	2001 	2002 	2003 	2004 	2005 	2006 	2007 	2008 	2009 	2010 	2011 	2012 	2013 	2014 	2015 	2016 	2017 	2018 	2019 	2020 	2021 
GHG,TOTX4_MEMONIA,I90,AT	100.0 	104.7 	96.6 	97.2 	97.5 	101.7 	105.8 	105.4 	104.6 	102.6 	103.0 	107.8 	109.9 	116.5 	116.6 	118.3 	115.4 	112.1 	111.3 	102.6 	108.5 	106.0 	102.4 	102.9 	98.4 	101.4 	102.8 	105.6 	101.8 	103.7 	93.8 	98.5 
GHG,TOTX4_MEMONIA,I90,BE	100.0 	101.4 	101.1 	100.3 	103.4 	105.0 	107.8 	102.3 	106.1 	102.3 	103.1 	101.8 	101.3 	101.8 	102.2 	100.0 	98.3 	96.1 	96.3 	87.5 	92.5 	85.7 	83.6 	83.5 	79.8 	82.8 	81.8 	81.7 	82.4 	81.7 	74.4 	77.5 
GHG,TOTX4_MEMONIA,I90,BG	100.0 	81.8 	76.5 	76.1 	71.8 	73.4 	73.5 	70.1 	66.0 	58.7 	57.9 	60.8 	58.3 	63.4 	62.5 	63.2 	63.9 	67.8 	66.5 	57.5 	60.1 	65.5 	60.4 	55.2 	58.3 	61.2 	58.7 	60.7 	56.4 	54.9 	48.6 	54.6 
GHG,TOTX4_MEMONIA,I90,CH	100.0 	103.1 	102.9 	98.7 	97.1 	98.9 	100.3 	98.4 	101.3 	101.5 	100.6 	102.7 	99.4 	100.5 	101.1 	102.3 	102.0 	99.1 	102.0 	99.2 	102.2 	95.7 	98.1 	99.7 	93.0 	92.4 	93.3 	91.9 	89.9 	89.6 	78.7 	81.4 
GHG,TOTX4_MEMONIA,I90,CY	100.0 	110.0 	116.7 	119.3 	123.5 	123.6 	128.7 	129.9 	135.7 	140.2 	144.7 	146.2 	149.3 	156.5 	158.4 	159.2 	163.4 	168.3 	172.1 	167.7 	162.8 	158.4 	149.6 	137.5 	143.4 	143.8 	152.8 	157.6 	155.9 	156.9 	139.7 	145.9 
GHG,TOTX4_MEMONIA,I90,CZ	100.0 	90.9 	88.0 	84.6 	80.2 	79.7 	81.3 	79.0 	75.9 	70.9 	75.9 	75.7 	73.8 	75.4 	76.0 	75.0 	75.7 	76.5 	74.0 	69.2 	70.6 	69.8 	67.7 	65.0 	64.0 	64.7 	65.5 	65.9 	65.1 	62.3 	56.6 	59.3 
GHG,TOTX4_MEMONIA,I90,DE	100.0 	96.3 	92.5 	91.8 	90.4 	89.9 	91.3 	88.6 	86.7 	84.0 	83.9 	85.0 	83.3 	83.0 	81.6 	79.8 	80.4 	78.4 	78.4 	73.1 	75.7 	73.7 	74.3 	75.9 	72.7 	72.9 	73.2 	72.1 	69.4 	65.3 	59.0 	61.6 
GHG,TOTX4_MEMONIA,I90,DK	100.0 	114.4 	106.4 	109.5 	115.1 	111.2 	129.2 	116.1 	110.9 	107.3 	101.5 	103.7 	102.6 	109.6 	101.8 	96.1 	106.6 	100.3 	95.4 	91.2 	91.5 	84.5 	78.3 	80.7 	75.2 	71.4 	74.4 	71.4 	71.4 	66.2 	59.8 	61.6 
GHG,TOTX4_MEMONIA,I90,EE	100.0 	92.9 	67.5 	54.0 	55.1 	49.8 	52.1 	51.5 	47.1 	44.3 	43.4 	44.4 	43.0 	47.8 	48.2 	47.7 	46.2 	55.0 	49.9 	41.2 	52.5 	52.5 	49.9 	54.5 	52.5 	44.9 	48.9 	52.2 	50.1 	36.5 	28.4 	31.6 
GHG,TOTX4_MEMONIA,I90,EL	100.0 	99.7 	101.0 	100.7 	103.6 	105.4 	108.2 	112.6 	117.9 	118.2 	121.3 	122.2 	122.2 	126.5 	127.1 	130.9 	127.8 	130.4 	127.2 	120.2 	114.4 	111.7 	108.3 	99.3 	96.4 	92.8 	89.6 	93.5 	90.9 	84.7 	72.1 	75.2 
GHG,TOTX4_MEMONIA,I90,ES	100.0 	102.8 	106.2 	102.7 	108.4 	114.1 	111.4 	116.4 	119.8 	129.0 	134.3 	134.0 	140.2 	142.9 	148.6 	154.0 	151.9 	155.8 	144.4 	130.6 	125.6 	126.0 	123.4 	114.2 	114.9 	119.1 	115.5 	120.4 	118.8 	112.5 	95.3 	101.6 
GHG,TOTX4_MEMONIA,I90,EU27_2020	100.0 	97.8 	94.9 	93.3 	92.9 	94.0 	95.9 	94.5 	93.8 	92.4 	92.2 	93.2 	92.8 	94.5 	94.7 	94.3 	94.3 	93.7 	91.8 	85.2 	87.0 	84.8 	83.3 	81.5 	78.7 	79.7 	79.9 	80.5 	78.9 	75.7 	68.3 	72.0 
GHG,TOTX4_MEMONIA,I90,FI	100.0 	97.1 	95.0 	98.0 	105.8 	100.7 	109.1 	107.3 	102.2 	101.4 	98.7 	106.1 	109.4 	120.0 	115.0 	98.4 	114.4 	112.4 	101.3 	96.0 	107.0 	96.7 	88.9 	89.6 	83.7 	78.9 	82.8 	79.1 	80.8 	76.6 	67.4 	67.4 
GHG,TOTX4_MEMONIA,I90,FR	100.0 	104.7 	103.2 	99.3 	97.9 	99.0 	102.5 	101.1 	103.8 	103.2 	102.2 	103.2 	102.1 	102.9 	103.0 	103.3 	101.5 	99.8 	98.9 	94.7 	95.4 	91.0 	91.3 	91.1 	85.3 	86.1 	86.4 	87.0 	83.7 	82.1 	73.1 	77.2 
GHG,TOTX4_MEMONIA,I90,HR	100.0 	78.0 	72.0 	72.3 	69.7 	71.8 	73.2 	77.6 	78.0 	82.0 	80.9 	84.6 	87.9 	92.5 	92.6 	94.3 	95.6 	100.1 	97.3 	90.3 	89.1 	88.2 	82.8 	79.1 	76.8 	78.1 	78.9 	81.9 	78.8 	79.5 	75.3 	77.4 
GHG,TOTX4_MEMONIA,I90,HU	100.0 	93.3 	83.0 	84.0 	83.1 	81.9 	84.2 	82.6 	82.1 	82.6 	79.7 	81.5 	79.7 	82.7 	81.6 	81.5 	80.1 	78.4 	76.3 	69.8 	70.4 	68.7 	65.0 	62.0 	62.4 	65.7 	66.3 	68.9 	69.0 	68.7 	66.3 	67.6 
GHG,TOTX4_MEMONIA,I90,IE	100.0 	101.6 	101.4 	103.2 	105.4 	108.0 	111.6 	114.5 	119.2 	121.8 	126.1 	130.5 	127.5 	128.3 	126.8 	130.5 	130.3 	128.6 	127.2 	116.0 	115.2 	107.4 	108.8 	108.8 	108.4 	113.3 	117.4 	117.2 	118.2 	113.7 	106.2 	111.8 
GHG,TOTX4_MEMONIA,I90,IS	100.0 	94.8 	92.6 	94.6 	93.2 	97.2 	99.6 	104.2 	108.8 	115.0 	117.0 	112.8 	114.2 	113.8 	117.7 	114.9 	131.2 	139.4 	147.0 	137.0 	135.4 	131.1 	131.5 	133.2 	135.1 	139.7 	144.5 	152.6 	158.0 	145.7 	122.6 	130.1 
GHG,TOTX4_MEMONIA,I90,IT	100.0 	100.4 	100.3 	99.0 	97.9 	103.0 	102.1 	103.5 	106.0 	107.2 	108.0 	108.4 	109.3 	113.2 	114.3 	114.6 	112.8 	112.0 	109.5 	98.9 	101.2 	98.9 	95.3 	88.5 	84.5 	86.6 	86.2 	85.3 	84.8 	82.7 	73.9 	80.4 
GHG,TOTX4_MEMONIA,I90,LT	100.0 	104.2 	64.4 	51.6 	48.7 	46.6 	48.6 	47.7 	49.5 	43.7 	40.4 	42.0 	42.7 	43.1 	44.8 	46.6 	47.3 	51.4 	49.6 	41.1 	43.1 	43.9 	43.9 	41.6 	41.4 	42.1 	42.3 	42.6 	42.1 	42.5 	41.9 	42.2 
GHG,TOTX4_MEMONIA,I90,LU	100.0 	105.0 	103.1 	104.3 	98.7 	81.2 	82.0 	78.0 	72.3 	76.7 	80.8 	85.3 	91.8 	95.6 	106.9 	109.0 	107.1 	103.3 	102.5 	98.0 	102.6 	101.1 	98.5 	94.6 	91.5 	89.1 	88.5 	91.4 	94.6 	95.7 	81.4 	85.9 
GHG,TOTX4_MEMONIA,I90,LV	100.0 	93.1 	74.1 	61.0 	53.5 	48.3 	48.6 	46.5 	44.5 	41.5 	39.1 	41.3 	41.2 	42.1 	42.0 	42.7 	44.5 	46.4 	44.9 	42.3 	46.5 	43.5 	42.9 	42.6 	42.1 	42.2 	42.4 	42.7 	44.7 	44.3 	40.6 	41.8 
GHG,TOTX4_MEMONIA,I90,MT	100.0 	94.4 	97.7 	119.2 	113.5 	107.0 	110.1 	111.8 	110.4 	112.8 	108.9 	116.9 	116.9 	124.8 	121.7 	115.6 	117.3 	121.0 	117.0 	111.7 	115.3 	115.6 	121.3 	110.6 	111.5 	88.1 	79.4 	87.0 	88.9 	94.2 	81.7 	84.4 
GHG,TOTX4_MEMONIA,I90,NL	100.0 	103.6 	104.1 	104.5 	104.9 	105.4 	110.2 	106.8 	107.1 	101.9 	101.1 	101.5 	100.7 	100.9 	101.9 	99.5 	97.3 	96.7 	96.7 	93.8 	99.0 	92.9 	90.8 	90.7 	87.3 	90.6 	91.0 	90.0 	87.7 	85.1 	75.4 	77.0 
GHG,TOTX4_MEMONIA,I90,NO	100.0 	95.4 	92.5 	96.3 	100.0 	100.6 	106.4 	106.6 	106.8 	109.0 	107.7 	110.0 	107.4 	108.7 	109.6 	107.6 	108.0 	111.4 	108.5 	103.8 	108.8 	107.1 	106.2 	106.9 	107.7 	108.4 	106.6 	105.2 	105.4 	102.0 	96.4 	95.6 
GHG,TOTX4_MEMONIA,I90,PL	100.0 	97.6 	95.1 	95.1 	93.8 	94.2 	97.1 	94.9 	88.5 	86.0 	83.1 	82.8 	80.7 	83.5 	84.6 	84.6 	87.8 	87.6 	86.3 	82.4 	86.1 	85.8 	84.1 	83.3 	80.6 	81.2 	83.5 	86.7 	86.8 	82.1 	78.5 	84.6 
GHG,TOTX4_MEMONIA,I90,PT	100.0 	103.2 	109.6 	107.0 	108.6 	116.4 	112.6 	118.0 	126.1 	139.6 	138.5 	137.6 	144.8 	136.7 	142.3 	145.6 	137.9 	134.3 	130.5 	125.0 	118.4 	116.2 	113.0 	109.9 	110.0 	117.0 	114.4 	123.4 	117.9 	112.4 	97.8 	95.8 
GHG,TOTX4_MEMONIA,I90,RO	100.0 	81.8 	75.9 	71.8 	70.7 	73.4 	74.5 	72.0 	65.3 	58.4 	55.3 	56.8 	57.5 	59.8 	59.2 	58.8 	59.3 	60.6 	59.4 	51.1 	49.3 	51.7 	50.8 	46.2 	46.1 	45.7 	45.1 	46.3 	46.4 	45.1 	43.5 	44.8 
GHG,TOTX4_MEMONIA,I90,SE	100.0 	99.8 	99.1 	99.8 	103.4 	102.7 	108.1 	101.5 	102.2 	98.2 	96.5 	97.5 	98.0 	98.4 	97.8 	94.1 	93.7 	92.4 	89.4 	83.1 	91.3 	85.6 	81.4 	79.3 	76.9 	76.6 	76.9 	76.0 	75.0 	73.2 	64.7 	67.0 
GHG,TOTX4_MEMONIA,I90,SI	100.0 	92.7 	92.7 	94.0 	96.2 	100.4 	103.6 	106.4 	104.3 	101.1 	100.0 	106.8 	108.2 	106.5 	108.5 	109.9 	110.9 	112.0 	115.9 	104.2 	105.4 	105.0 	101.6 	97.9 	89.1 	90.1 	94.7 	95.2 	94.4 	91.7 	84.9 	85.6 
GHG,TOTX4_MEMONIA,I90,SK	100.0 	87.3 	79.5 	75.0 	71.5 	72.1 	71.9 	71.7 	70.7 	69.0 	66.5 	69.5 	67.7 	67.8 	68.8 	68.9 	68.6 	66.2 	67.0 	61.1 	62.2 	60.9 	57.7 	57.2 	54.6 	55.6 	56.2 	57.7 	57.5 	54.4 	50.5 	55.9 
GHG,TOTX4_MEMONIA,T_HAB,AT	10.4 	10.8 	9.8 	9.8 	9.8 	10.2 	10.6 	10.6 	10.5 	10.3 	10.3 	10.7 	10.9 	11.5 	11.4 	11.5 	11.2 	10.8 	10.7 	9.8 	10.4 	10.1 	9.7 	9.7 	9.2 	9.4 	9.4 	9.6 	9.2 	9.3 	8.4 	8.8 
GHG,TOTX4_MEMONIA,T_HAB,BE	14.9 	15.1 	15.0 	14.8 	15.2 	15.4 	15.8 	15.0 	15.5 	14.9 	15.0 	14.7 	14.6 	14.6 	14.6 	14.2 	13.9 	13.5 	13.4 	12.1 	12.7 	11.6 b	11.2 b	11.1 	10.6 	10.9 	10.8 	10.7 	10.7 	10.6 	9.6 	10.0 
GHG,TOTX4_MEMONIA,T_HAB,BG	11.4 	9.4 	8.9 	9.0 	8.5 	8.7 	8.8 	8.4 	8.0 	7.1 	7.1 	7.6 	7.4 	8.1 	8.1 	8.2 	8.4 	9.0 	8.9 	7.7 	8.1 	8.9 	8.2 	7.6 	8.0 	8.5 	8.2 	8.6 	8.0 	7.8 	7.0 	7.9 
GHG,TOTX4_MEMONIA,T_HAB,CH	8.7 	8.9 	8.7 	8.3 	8.1 	8.2 	8.3 	8.1 	8.3 	8.3 	8.2 	8.3 	8.0 	8.0 	8.0 	8.0 	8.0 	7.7 	7.8 	7.5 	7.6 	7.1 b	7.2 	7.2 	6.6 	6.5 	6.5 	6.4 	6.2 	6.1 	5.3 	5.5 
GHG,TOTX4_MEMONIA,T_HAB,CY	11.0 	11.8 	12.2 	12.1 	12.3 	12.1 	12.4 	12.3 	12.7 	13.0 	13.3 	13.3 	13.4 	13.9 	13.9 	13.7 	13.9 	14.0 	14.0 	13.2 	12.5 	11.9 	11.0 	10.2 	10.7 	10.8 	11.4 	11.7 	11.4 	11.3 	10.0 	10.3 
GHG,TOTX4_MEMONIA,T_HAB,CZ	19.5 	17.8 	17.2 	16.5 	15.6 	15.5 	15.9 	15.4 	14.8 	13.9 	14.9 	14.9 	14.6 	14.9 	15.0 	14.8 	14.9 	15.0 	14.3 	13.3 	13.6 	13.4 	13.0 	12.5 	12.2 	12.3 	12.5 	12.5 	12.3 	11.8 	10.7 	11.4 b
GHG,TOTX4_MEMONIA,T_HAB,DE	15.9 	15.2 	14.5 	14.3 	14.0 	13.9 	14.1 	13.6 	13.3 	12.9 	12.9 	13.0 	12.8 	12.7 	12.5 	12.2 	12.3 	12.0 	12.1 	11.3 	11.7 	11.6 b	11.7 	11.9 	11.3 	11.3 	11.2 	11.0 	10.6 	9.9 	9.0 	9.4 
GHG,TOTX4_MEMONIA,T_HAB,DK	14.3 	16.3 	15.1 	15.5 	16.2 	15.6 	18.0 	16.1 	15.3 	14.8 	13.9 	14.2 	14.0 	14.9 	13.8 	13.0 	14.4 	13.5 	12.7 	12.1 	12.1 	11.1 	10.3 	10.5 	9.8 	9.2 	9.5 	9.1 	9.0 	8.3 	7.5 	7.7 
GHG,TOTX4_MEMONIA,T_HAB,EE	25.7 	24.0 	17.8 	14.6 	15.2 	14.0 	14.9 	14.9 	13.7 	12.9 	12.5 	12.9 	12.6 	14.1 	14.3 	14.2 	13.8 	16.6 	15.1 	12.5 	15.9 	16.0 	15.2 	16.7 	16.1 	13.8 b	15.0 	16.0 	15.3 	11.1 	8.6 	9.6 
GHG,TOTX4_MEMONIA,T_HAB,EL	10.4 	10.3 	10.3 	10.2 	10.5 	10.6 	10.9 	11.2 	11.7 	11.7 	12.0 	12.0 	11.9 	12.3 	12.4 	12.7 	12.3 	12.6 	12.2 	11.5 	10.9 	10.7 	10.4 	9.6 	9.4 	9.1 	8.9 	9.3 	9.0 	8.4 	7.2 	7.6 
GHG,TOTX4_MEMONIA,T_HAB,ES	7.5 	7.7 	7.9 	7.6 	8.0 	8.4 	8.2 	8.5 	8.7 	9.3 	9.7 	9.6 	9.9 	9.9 	10.1 	10.3 	10.0 	10.1 	9.2 	8.2 	7.9 	7.9 	7.7 	7.2 	7.2 	7.5 	7.3 	7.6 	7.4 	7.0 	5.9 	6.3 
GHG,TOTX4_MEMONIA,T_HAB,EU27_2020	11.8 	11.5 b	11.1 	10.9 	10.8 	10.9 	11.1 	10.9 	10.8 b	10.6 	10.6 b	10.7 b	10.6 	10.8 	10.7 	10.7 	10.6 	10.5 	10.3 b	9.5 	9.7 b	9.5 b	9.3 b	9.1 	8.7 b	8.8 b	8.8 	8.9 b	8.7 e	8.3 bep	7.5 ep	7.9 bep
GHG,TOTX4_MEMONIA,T_HAB,FI	14.5 	14.0 	13.6 	14.0 	15.0 	14.2 	15.4 	15.1 	14.3 	14.2 	13.8 	14.8 	15.2 	16.6 	15.9 	13.6 	15.7 	15.4 	13.8 	13.0 	14.4 	13.0 	11.9 	11.9 	11.1 	10.4 	10.9 	10.4 	10.6 	10.0 	8.8 	8.8 
GHG,TOTX4_MEMONIA,T_HAB,FR	9.4 	9.8 	9.6 	9.2 	9.1 	9.1 	9.4 	9.3 	9.5 	9.4 	9.2 	9.2 	9.1 	9.1 	9.0 	9.0 	8.8 	8.6 	8.4 	8.0 	8.1 	7.7 	7.6 	7.6 	7.1 b	7.1 	7.1 	7.1 	6.8 	6.7 p	5.9 p	6.2 p
GHG,TOTX4_MEMONIA,T_HAB,HR	6.7 e	5.3 e	5.0 e	5.0 e	4.8 e	5.0 e	5.1 e	5.5 e	5.5 e	5.8 e	5.8 e	6.3 b	6.5 	6.9 	6.9 	7.0 	7.1 	7.4 	7.2 	6.7 	6.6 	6.6 	6.2 	5.9 	5.8 	5.9 	6.0 	6.3 	6.2 	6.2 	5.9 	6.3 
GHG,TOTX4_MEMONIA,T_HAB,HU	9.2 	8.6 	7.6 	7.7 	7.7 	7.6 	7.8 	7.7 	7.6 	7.7 	7.5 	7.6 	7.5 	7.8 	7.7 	7.7 	7.6 	7.4 	7.3 	6.7 	6.7 	6.6 	6.3 b	6.0 	6.0 	6.4 	6.4 	6.7 	6.7 	6.7 	6.5 	6.7 
GHG,TOTX4_MEMONIA,T_HAB,IE	16.1 	16.3 	16.2 	16.4 	16.7 	17.0 	17.4 	17.7 	18.2 	18.4 	18.8 	19.1 	18.4 	18.2 	17.7 	17.8 	17.3 	16.6 	16.1 	14.5 	14.3 	13.3 	13.4 	13.4 	13.2 	13.7 	14.0 	13.8 	13.8 e	13.1 e	12.1 	12.6 
GHG,TOTX4_MEMONIA,T_HAB,IS	15.3 	14.3 	13.8 	14.0 	13.7 	14.2 	14.5 	15.0 	15.5 	16.2 	16.2 	15.4 	15.5 	15.3 	15.7 	15.1 	16.9 	17.5 	18.1 	16.8 	16.6 	16.0 	16.0 	16.1 	16.1 	16.5 	16.8 	17.3 	17.5 	15.8 	13.1 	13.6 
GHG,TOTX4_MEMONIA,T_HAB,IT	9.3 	9.3 	9.3 	9.2 	9.1 	9.5 	9.4 	9.6 	9.8 	9.9 	10.0 	10.0 	10.1 	10.4 	10.4 	10.4 	10.2 	10.1 	9.8 	8.8 	9.0 	8.8 	8.4 	7.7 	7.3 	7.5 	7.5 	7.4 	7.4 	7.3 b	6.5 	7.1 
GHG,TOTX4_MEMONIA,T_HAB,LT	13.1 	13.7 	8.4 	6.8 	6.5 	6.2 	6.6 	6.5 	6.8 	6.0 	5.6 	5.9 	6.0 	6.1 	6.4 	6.8 	7.0 	7.7 	7.5 	6.3 	6.8 	7.0 	7.1 	6.8 	6.9 	7.0 	7.2 	7.3 	7.3 	7.4 	7.3 	7.3 
GHG,TOTX4_MEMONIA,T_HAB,LU	34.4 	35.6 	34.5 	34.4 	32.1 	26.1 	26.0 	24.4 	22.3 	23.4 	24.3 	25.3 	27.0 	27.8 	30.6 	30.7 	29.7 	28.2 	27.5 	25.8 	26.6 	25.6 	24.3 b	22.8 	21.6 	20.5 	19.9 	20.1 b	20.4 	20.2 	16.9 	17.6 
GHG,TOTX4_MEMONIA,T_HAB,LV	9.9 	9.2 	7.5 	6.3 	5.6 	5.1 	5.2 	5.0 	4.9 	4.6 	4.3 	4.6 	4.7 	4.8 	4.9 	5.0 	5.3 	5.5 	5.4 	5.2 	5.8 	5.6 	5.5 	5.6 	5.6 	5.6 	5.7 	5.8 	6.1 	6.1 	5.6 	5.8 
GHG,TOTX4_MEMONIA,T_HAB,MT	8.0 	7.3 b	7.5 	9.1 	8.5 	8.0 	8.2 	8.3 	8.1 	8.2 	7.9 	8.4 	8.3 	8.8 	8.6 	8.1 	8.2 	8.4 	8.1 	7.6 	7.9 	7.8 	8.2 	7.3 	7.2 	5.6 	4.9 	5.3 	5.2 	5.3 	4.5 	4.6 
GHG,TOTX4_MEMONIA,T_HAB,NL	15.2 	15.6 	15.6 	15.5 	15.5 	15.5 	16.1 	15.6 	15.5 	14.6 	14.4 	14.4 	14.2 	14.1 	14.2 	13.9 	13.5 	13.4 	13.4 	12.9 	13.5 	12.6 	12.3 	12.3 	11.8 	12.2 	12.1 	11.9 	11.6 	11.1 	9.8 	10.0 
GHG,TOTX4_MEMONIA,T_HAB,NO	12.2 	11.6 	11.2 	11.6 	12.0 	12.0 	12.6 	12.6 	12.5 	12.7 	12.5 	12.7 	12.3 	12.4 	12.4 	12.1 	12.0 	12.3 	11.8 	11.2 	11.6 	11.2 	11.0 	10.9 	10.9 	10.9 	10.6 	10.4 	10.3 	9.9 	9.3 	9.2 
GHG,TOTX4_MEMONIA,T_HAB,PL	12.5 	12.1 	11.8 	11.8 	11.6 	11.6 	12.0 	11.7 	10.9 	10.6 	10.3 b	10.3 	10.0 	10.4 	10.5 	10.5 	10.9 	10.9 	10.8 	10.3 	10.8 b	10.7 	10.5 	10.4 	10.1 	10.2 	10.5 	10.9 	10.9 e	10.3 e	9.8 ep	10.7 ep
GHG,TOTX4_MEMONIA,T_HAB,PT	6.1 	6.3 	6.7 	6.6 	6.6 	7.1 	6.8 	7.1 	7.6 	8.3 	8.2 	8.1 	8.5 	8.0 	8.3 	8.5 	8.0 	7.8 	7.6 	7.2 	6.8 	6.7 	6.6 	6.4 	6.5 	6.9 	6.8 	7.3 	7.0 	6.7 	5.8 	5.6 bp
GHG,TOTX4_MEMONIA,T_HAB,RO	11.1 	9.2 	8.6 	8.1 	8.0 	8.3 	8.5 	8.2 	7.5 	6.7 	6.4 	6.6 	6.8 	7.2 	7.1 	7.1 	7.2 	7.5 	7.5 	6.5 	6.3 	6.6 	6.5 	6.0 	6.0 	5.9 	5.9 	6.1 	6.1 	6.0 e	5.8 e	6.0 e
GHG,TOTX4_MEMONIA,T_HAB,SE	8.5 	8.4 	8.3 	8.3 	8.6 	8.5 	8.9 	8.4 	8.4 	8.1 	7.9 	8.0 	8.0 	8.0 	7.9 	7.6 	7.5 	7.4 	7.1 	6.5 	7.1 	6.6 	6.2 	6.0 	5.8 	5.7 	5.6 	5.5 	5.4 	5.2 	4.6 	4.7 
GHG,TOTX4_MEMONIA,T_HAB,SI	9.4 	8.7 	8.7 	8.9 	9.1 	9.5 	9.8 	10.1 	9.9 	9.6 	9.5 	10.1 	10.2 	10.1 	10.2 	10.3 	10.4 	10.5 	10.8 b	9.6 	9.7 	9.6 	9.3 	9.0 	8.1 	8.2 	8.6 	8.7 	8.6 	8.3 	7.6 	7.7 
GHG,TOTX4_MEMONIA,T_HAB,SK	13.9 	12.2 	11.1 	10.4 	9.9 	9.9 	9.9 	9.8 	9.7 	9.4 	9.1 	9.5 	9.3 	9.3 	9.5 	9.5 	9.4 	9.1 	9.2 	8.4 	8.5 	8.3 	7.9 	7.8 	7.4 	7.6 	7.6 	7.8 	7.8 	7.4 	6.8 	7.6 
GHG,TOTXMEMONIA,I90,AT	100.0 	95.3 	100.0 	89.5 	100.8 	90.9 	97.1 	90.9 	95.0 	90.9 	100.5 	83.8 	110.2 	114.9 	104.5 	112.4 	122.8 	123.9 	113.1 	109.3 	98.9 	102.4 	112.4 	112.2 	104.9 	110.0 	111.0 	119.8 	127.5 	125.6 	103.0 	100.9 
GHG,TOTXMEMONIA,I90,BE	100.0 	101.8 	101.6 	100.7 	104.0 	105.6 	108.3 	103.0 	106.5 	102.9 	104.0 	102.8 	101.9 	102.4 	103.1 	100.8 	99.1 	97.0 	97.3 	88.5 	94.1 	87.2 	85.1 	84.6 	80.8 	83.9 	82.9 	82.9 	83.6 	83.0 	75.7 	78.9 
GHG,TOTXMEMONIA,I90,BG	100.0 	78.1 	72.3 	71.5 	66.2 	67.9 	68.8 	64.4 	59.8 	51.3 	48.7 	55.5 	52.1 	58.6 	56.6 	55.8 	60.7 	64.2 	64.7 	53.7 	57.7 	68.1 	62.6 	57.7 	59.9 	64.0 	58.8 	61.3 	55.9 	54.4 	46.8 	54.4 
GHG,TOTXMEMONIA,I90,CH	100.0 	97.7 	99.1 	94.2 	94.8 	95.3 	93.8 	94.9 	99.5 	100.4 	113.0 	104.4 	98.0 	99.1 	99.6 	100.4 	101.8 	100.7 	101.6 	96.7 	100.5 	96.9 	96.8 	99.7 	95.6 	91.8 	92.7 	91.8 	90.8 	89.2 	78.6 	80.7 
GHG,TOTXMEMONIA,I90,CY	100.0 	110.1 	116.8 	119.4 	123.6 	123.8 	128.9 	130.1 	135.9 	140.5 	146.0 	147.1 	149.8 	156.9 	158.8 	159.6 	163.8 	169.5 	172.4 	167.3 	162.6 	157.5 	148.6 	136.1 	142.1 	142.6 	153.5 	156.5 	154.9 	155.9 	138.4 	145.7 
GHG,TOTXMEMONIA,I90,CZ	100.0 	89.8 	86.7 	82.8 	78.9 	78.2 	80.0 	78.1 	75.0 	69.7 	74.5 	74.3 	72.5 	74.5 	75.1 	74.1 	75.4 	76.5 	73.2 	68.2 	70.0 	69.0 	66.8 	64.2 	63.2 	63.9 	65.2 	66.5 	68.5 	69.1 	65.0 	66.3 
GHG,TOTXMEMONIA,I90,DE	100.0 	91.7 	87.4 	86.7 	85.7 	85.6 	87.5 	84.9 	83.0 	80.2 	81.6 	81.9 	82.7 	82.1 	80.2 	78.2 	78.3 	76.5 	76.1 	70.3 	73.4 	71.0 	70.9 	72.6 	70.0 	70.1 	70.2 	69.3 	66.9 	62.9 	57.6 	60.2 
GHG,TOTXMEMONIA,I90,DK	100.0 	112.3 	106.2 	107.3 	111.8 	108.4 	124.0 	112.6 	107.7 	104.8 	99.2 	100.6 	100.9 	106.9 	99.5 	94.2 	104.1 	98.7 	92.4 	87.7 	86.8 	79.7 	73.5 	75.2 	71.1 	66.3 	70.4 	67.6 	69.9 	64.2 	58.5 	59.3 
GHG,TOTXMEMONIA,I90,EE	100.0 	92.5 	67.3 	49.3 	52.2 	45.7 	47.3 	46.2 	40.1 	38.2 	35.0 	35.5 	34.8 	41.0 	40.1 	45.0 	39.0 	50.0 	40.9 	32.2 	42.9 	43.7 	45.2 	52.6 	57.0 	47.3 	53.4 	58.2 	61.3 	43.3 	38.1 	42.6 
GHG,TOTXMEMONIA,I90,EL	100.0 	99.6 	100.7 	99.9 	103.1 	104.8 	108.2 	113.0 	118.3 	118.2 	121.5 	122.3 	122.0 	126.6 	127.3 	130.3 	127.1 	131.0 	126.8 	119.5 	113.6 	110.7 	107.3 	99.5 	97.9 	90.8 	87.6 	91.6 	88.1 	81.3 	68.5 	71.5 
GHG,TOTXMEMONIA,I90,ES	100.0 	103.1 	106.9 	102.5 	109.4 	115.0 	111.6 	117.2 	120.9 	129.9 	135.2 	134.0 	141.5 	144.6 	150.8 	157.0 	153.7 	159.2 	146.2 	131.6 	125.0 	125.7 	123.7 	113.6 	113.7 	117.5 	113.4 	118.7 	116.5 	109.7 	90.7 	97.7 
GHG,TOTXMEMONIA,I90,EU27_2020	100.0 	95.6 	93.0 	91.1 	90.8 	91.5 	93.1 	91.8 	90.7 	89.0 	89.8 	89.8 	90.1 	92.1 	91.5 	91.2 	91.0 	91.4 	88.5 	81.6 	83.4 	81.2 	79.7 	77.9 	75.2 	76.4 	76.6 	78.7 	76.9 	73.8 	66.2 	70.3 
GHG,TOTXMEMONIA,I90,FI	100.0 	68.7 	78.4 	81.6 	108.3 	103.2 	102.5 	109.6 	106.0 	104.2 	100.9 	110.8 	113.5 	128.8 	117.8 	91.8 	108.3 	125.9 	103.1 	68.4 	110.3 	95.9 	80.0 	95.7 	85.6 	86.8 	100.0 	99.4 	121.8 	104.7 	85.2 	105.8 
GHG,TOTXMEMONIA,I90,FR	100.0 	104.8 	103.7 	99.0 	97.9 	98.4 	100.6 	98.9 	101.2 	99.7 	101.7 	100.2 	97.2 	97.1 	96.8 	97.1 	95.2 	93.9 	93.0 	90.6 	90.8 	85.9 	85.4 	85.5 	80.3 	82.0 	83.5 	85.9 	82.7 	81.4 	71.4 	76.5 
GHG,TOTXMEMONIA,I90,HR	100.0 	68.0 	60.2 	59.9 	55.6 	56.3 	59.5 	67.2 	68.5 	70.4 	74.7 	74.5 	77.5 	86.4 	85.3 	86.5 	88.8 	98.9 	94.6 	85.4 	84.2 	88.0 	82.9 	74.5 	72.2 	75.2 	76.1 	82.9 	76.7 	76.7 	71.8 	73.9 
GHG,TOTXMEMONIA,I90,HU	100.0 	94.0 	82.7 	80.9 	79.2 	78.0 	84.4 	82.2 	80.5 	83.5 	81.4 	81.5 	80.4 	80.9 	80.8 	77.9 	78.6 	76.5 	72.5 	67.3 	67.8 	66.7 	62.2 	59.8 	59.1 	61.9 	63.7 	65.6 	66.3 	65.4 	61.0 	62.3 
GHG,TOTXMEMONIA,I90,IE	100.0 	101.1 	100.5 	102.4 	104.5 	108.3 	111.1 	112.9 	116.8 	119.3 	125.7 	131.4 	128.5 	130.0 	126.2 	130.3 	130.0 	126.7 	124.8 	113.7 	115.4 	107.0 	107.1 	108.4 	107.3 	112.4 	114.2 	117.8 	116.9 	113.4 	107.3 	112.8 
GHG,TOTXMEMONIA,I90,IS	100.0 	98.6 	97.9 	98.4 	98.0 	99.0 	99.7 	101.0 	102.4 	104.2 	104.9 	103.7 	104.3 	104.2 	105.3 	104.5 	109.7 	111.3 	113.8 	110.9 	110.1 	108.7 	108.8 	109.1 	109.5 	110.7 	111.9 	113.9 	115.3 	111.7 	105.1 	107.1 
GHG,TOTXMEMONIA,I90,IT	100.0 	97.4 	97.7 	98.9 	95.3 	99.1 	97.9 	101.0 	103.9 	103.3 	104.6 	103.0 	103.1 	108.6 	108.5 	108.6 	106.6 	110.1 	104.1 	92.8 	93.9 	93.0 	91.1 	81.2 	77.1 	78.8 	78.5 	81.4 	76.7 	75.2 	68.2 	75.7 
GHG,TOTXMEMONIA,I90,LT	100.0 	104.0 	59.8 	43.2 	41.2 	41.7 	56.8 	52.9 	37.4 	32.4 	23.4 	30.3 	33.3 	35.5 	38.6 	42.7 	44.5 	45.0 	41.3 	29.4 	24.4 	24.9 	25.7 	24.6 	26.2 	28.9 	31.0 	32.7 	34.4 	34.2 	31.8 	33.3 
GHG,TOTXMEMONIA,I90,LU	100.0 	104.4 	99.4 	99.7 	95.3 	77.1 	77.7 	73.1 	68.2 	72.1 	76.1 	80.7 	87.3 	91.3 	102.2 	104.6 	103.3 	100.2 	99.3 	94.7 	101.0 	98.7 	95.7 	90.6 	88.3 	86.3 	84.9 	88.5 	92.7 	92.8 	77.9 	81.2 
GHG,TOTXMEMONIA,I90,LV	100.0 	83.9 	45.2 	21.2 	-13.7 	-15.4 	-16.1 	-7.4 	-4.3 	16.6 	-11.4 	-10.8 	1.4 	6.0 	32.5 	37.8 	35.7 	42.3 	36.6 	52.6 	73.4 	64.8 	53.8 	62.6 	89.8 	81.0 	68.2 	58.4 	80.2 	67.2 	82.6 	96.2 
GHG,TOTXMEMONIA,I90,MT	100.0 	94.4 	97.8 	119.4 	113.6 	107.2 	110.3 	112.0 	110.6 	112.9 	109.1 	117.2 	118.0 	125.9 	122.1 	115.9 	117.6 	121.3 	117.8 	112.4 	116.0 	115.9 	121.6 	110.9 	111.7 	88.3 	79.5 	87.3 	89.2 	94.7 	82.2 	84.6 
GHG,TOTXMEMONIA,I90,NL	100.0 	103.5 	104.0 	104.4 	104.8 	105.2 	109.8 	106.5 	106.8 	101.6 	100.9 	101.3 	100.4 	100.8 	101.7 	99.3 	97.1 	96.4 	96.4 	93.6 	98.5 	92.8 	90.9 	90.7 	87.3 	90.5 	90.8 	89.3 	87.2 	84.6 	75.2 	76.8 
GHG,TOTXMEMONIA,I90,NO	100.0 	90.0 	87.9 	88.9 	98.4 	89.2 	98.1 	100.8 	95.1 	93.9 	88.5 	86.7 	81.0 	78.8 	80.6 	84.5 	80.2 	84.0 	77.3 	63.4 	77.6 	72.4 	80.2 	79.7 	89.6 	102.0 	99.8 	100.2 	98.5 	89.5 	73.3 	81.1 
GHG,TOTXMEMONIA,I90,PL	100.0 	99.1 	101.1 	99.4 	98.1 	96.2 	95.4 	93.1 	85.0 	83.0 	80.7 	82.1 	77.9 	80.4 	79.1 	79.2 	83.9 	85.3 	84.0 	79.9 	84.2 	82.6 	80.8 	79.4 	78.3 	79.8 	80.7 	83.8 	84.1 	83.2 	79.3 	85.5 
GHG,TOTXMEMONIA,I90,PT	100.0 	89.1 	85.2 	81.6 	84.3 	89.3 	87.6 	90.8 	98.6 	110.1 	121.0 	111.0 	118.0 	129.7 	121.0 	135.5 	120.7 	115.2 	103.0 	96.8 	96.4 	99.5 	99.4 	98.4 	91.0 	99.2 	104.0 	142.0 	100.5 	94.0 	80.6 	77.0 
GHG,TOTXMEMONIA,I90,RO	100.0 	79.3 	72.0 	66.9 	65.8 	69.0 	70.5 	67.4 	59.0 	51.4 	47.9 	49.1 	50.8 	53.1 	52.5 	51.6 	52.2 	53.4 	51.8 	43.7 	39.2 	41.8 	39.8 	34.6 	29.5 	29.4 	27.7 	30.0 	31.2 	29.7 	26.9 	29.0 
GHG,TOTXMEMONIA,I90,SE	100.0 	100.5 	102.2 	119.4 	123.5 	121.3 	126.5 	105.4 	105.0 	92.6 	83.4 	82.8 	87.9 	99.5 	106.9 	94.8 	67.2 	71.5 	64.4 	47.5 	61.2 	42.1 	30.4 	31.3 	30.6 	35.3 	40.8 	62.5 	72.3 	56.7 	22.1 	26.8 
GHG,TOTXMEMONIA,I90,SI	100.0 	88.0 	87.2 	88.9 	90.6 	95.4 	95.5 	97.8 	94.0 	89.6 	87.5 	96.0 	90.2 	90.0 	91.7 	93.3 	94.5 	93.8 	100.6 	85.8 	87.9 	88.0 	84.0 	91.0 	121.1 	123.1 	130.1 	130.7 	130.3 	96.4 	89.0 	90.1 
GHG,TOTXMEMONIA,I90,SK	100.0 	84.2 	74.3 	69.4 	66.3 	67.9 	67.7 	67.8 	65.0 	64.4 	61.5 	66.1 	63.2 	64.3 	65.4 	71.4 	66.3 	64.3 	66.9 	60.5 	63.1 	61.1 	55.7 	54.0 	54.3 	54.7 	55.3 	57.2 	58.5 	53.7 	45.8 	52.2 
GHG,TOTXMEMONIA,T_HAB,AT	8.8 	8.3 	8.6 	7.7 	8.6 	7.7 	8.3 	7.7 	8.1 	7.7 	8.5 	7.1 	9.2 	9.6 	8.7 	9.3 	10.1 	10.1 	9.2 	8.9 	8.0 	8.3 	9.0 	9.0 	8.3 	8.6 	8.6 	9.2 	9.8 	9.6 	7.8 	7.6 
GHG,TOTXMEMONIA,T_HAB,BE	14.7 	14.9 	14.8 	14.6 	15.0 	15.2 	15.6 	14.8 	15.2 	14.7 	14.8 	14.6 	14.4 	14.4 	14.5 	14.1 	13.7 	13.3 	13.3 	12.0 	12.6 	11.5 b	11.2 b	11.1 	10.5 	10.9 	10.7 	10.6 	10.7 	10.5 	9.6 	9.9 
GHG,TOTXMEMONIA,T_HAB,BG	9.6 	7.5 	7.1 	7.0 	6.5 	6.7 	6.9 	6.5 	6.0 	5.2 	5.0 	5.8 	5.5 	6.3 	6.1 	6.1 	6.7 	7.1 	7.2 	6.0 	6.5 	7.7 	7.1 	6.6 	6.9 	7.4 	6.9 	7.2 	6.6 	6.5 	5.6 	6.6 
GHG,TOTXMEMONIA,T_HAB,CH	8.4 	8.1 	8.2 	7.7 	7.7 	7.7 	7.5 	7.6 	7.9 	8.0 	8.9 	8.2 	7.6 	7.7 	7.6 	7.6 	7.7 	7.6 	7.5 	7.1 	7.3 	6.9 b	6.9 	7.0 	6.6 	6.3 	6.3 	6.2 	6.0 	5.9 	5.2 	5.3 
GHG,TOTXMEMONIA,T_HAB,CY	10.7 	11.5 	11.9 	11.9 	12.0 	11.8 	12.1 	12.1 	12.5 	12.7 	13.1 	13.1 	13.1 	13.6 	13.6 	13.4 	13.6 	13.7 	13.6 	12.9 	12.2 	11.5 	10.7 	9.8 	10.4 	10.5 	11.2 	11.3 	11.1 	11.0 	9.7 	10.1 
GHG,TOTXMEMONIA,T_HAB,CZ	18.7 	16.8 	16.2 	15.5 	14.7 	14.6 	15.0 	14.6 	14.1 	13.1 	14.0 	14.0 	13.7 	14.1 	14.2 	14.0 	14.2 	14.3 	13.6 	12.6 	12.9 	12.7 	12.2 	11.8 	11.6 	11.7 	11.9 	12.1 	12.4 	12.5 	11.7 	12.2 b
GHG,TOTXMEMONIA,T_HAB,DE	16.4 	14.9 	14.1 	13.9 	13.7 	13.6 	13.9 	13.4 	13.1 	12.7 	12.9 	12.9 	13.0 	12.9 	12.6 	12.3 	12.3 	12.1 	12.0 	11.1 	11.7 	11.5 b	11.5 	11.7 	11.2 	11.1 	11.1 	10.9 	10.5 	9.8 	9.0 	9.4 
GHG,TOTXMEMONIA,T_HAB,DK	15.6 	17.5 	16.5 	16.6 	17.2 	16.6 	18.9 	17.1 	16.3 	15.8 	14.9 	15.1 	15.0 	15.9 	14.8 	13.9 	15.3 	14.5 	13.5 	12.7 	12.5 	11.5 	10.5 	10.7 	10.1 	9.4 	9.9 	9.4 	9.7 	8.8 	8.0 	8.1 
GHG,TOTXMEMONIA,T_HAB,EE	23.4 	21.7 	16.1 	12.1 	13.1 	11.7 	12.3 	12.1 	10.6 	10.1 	9.2 	9.4 	9.2 	11.0 	10.8 	12.2 	10.6 	13.7 	11.2 	8.9 	11.8 	12.1 	12.5 	14.6 	15.9 	13.2 b	14.9 	16.2 	17.0 	12.0 	10.5 	11.7 
GHG,TOTXMEMONIA,T_HAB,EL	10.2 	10.1 	10.1 	10.0 	10.2 	10.3 	10.6 	11.0 	11.5 	11.4 	11.7 	11.7 	11.7 	12.1 	12.1 	12.4 	12.0 	12.4 	11.9 	11.2 	10.6 	10.4 	10.1 	9.5 	9.4 	8.7 	8.5 	8.9 	8.6 	7.9 	6.7 	7.1 
GHG,TOTXMEMONIA,T_HAB,ES	6.7 	6.8 	7.1 	6.7 	7.2 	7.5 	7.2 	7.6 	7.8 	8.3 	8.6 	8.5 	8.8 	8.9 	9.1 	9.3 	9.0 	9.1 	8.2 	7.3 	6.9 	7.0 	6.8 	6.3 	6.3 	6.5 	6.3 	6.6 	6.4 	6.0 	5.0 	5.3 
GHG,TOTXMEMONIA,T_HAB,EU27_2020	11.3 	10.7 b	10.4 	10.2 	10.1 	10.2 	10.3 	10.2 	10.0 b	9.8 	9.9 b	9.9 b	9.9 	10.0 	9.9 	9.9 	9.8 	9.8 	9.5 b	8.7 	8.9 b	8.7 b	8.5 b	8.3 	8.0 b	8.1 b	8.1 	8.3 b	8.1 e	7.8 bep	7.0 ep	7.4 bep
GHG,TOTXMEMONIA,T_HAB,FI	9.3 	6.4 	7.2 	7.5 	9.9 	9.4 	9.3 	9.9 	9.6 	9.4 	9.1 	9.9 	10.1 	11.5 	10.5 	8.1 	9.6 	11.1 	9.0 	6.0 	9.6 	8.3 	6.9 	8.2 	7.3 	7.4 	8.5 	8.4 	10.3 	8.8 	7.2 	8.9 
GHG,TOTXMEMONIA,T_HAB,FR	9.1 	9.5 	9.4 	8.9 	8.8 	8.8 	9.0 	8.8 	9.0 	8.8 	8.9 	8.7 	8.4 	8.3 	8.2 	8.2 	8.0 	7.8 	7.7 	7.5 	7.4 	7.0 	6.9 	6.9 	6.4 b	6.5 	6.6 	6.8 	6.5 	6.4 p	5.6 p	6.0 p
GHG,TOTXMEMONIA,T_HAB,HR	5.4 e	3.7 e	3.4 e	3.3 e	3.1 e	3.1 e	3.3 e	3.8 e	3.9 e	4.0 e	4.3 e	4.4 b	4.6 	5.1 	5.1 	5.1 	5.3 	5.9 	5.6 	5.1 	5.0 	5.3 	5.0 	4.5 	4.4 	4.6 	4.7 	5.1 	4.8 	4.8 	4.5 	4.8 
GHG,TOTXMEMONIA,T_HAB,HU	8.9 	8.3 	7.3 	7.2 	7.1 	7.0 	7.5 	7.4 	7.2 	7.5 	7.3 	7.4 	7.3 	7.4 	7.4 	7.1 	7.2 	7.0 	6.6 	6.2 	6.2 	6.2 	5.8 b	5.6 	5.5 	5.8 	6.0 	6.2 	6.2 	6.2 	5.8 	5.9 
GHG,TOTXMEMONIA,T_HAB,IE	17.9 	17.9 	17.7 	18.0 	18.3 	18.8 	19.2 	19.3 	19.7 	19.9 	20.7 	21.3 	20.5 	20.4 	19.4 	19.6 	19.1 	18.1 	17.4 	15.7 	15.9 	14.7 	14.6 	14.7 	14.4 	15.0 	15.1 	15.4 	15.1 e	14.4 e	13.5 	14.1 
GHG,TOTXMEMONIA,T_HAB,IS	53.0 	51.7 	50.7 	50.4 	49.8 	50.0 	50.1 	50.3 	50.5 	50.8 	50.4 	49.2 	49.0 	48.6 	48.7 	47.6 	48.8 	48.3 	48.5 	47.0 	46.8 	46.0 	45.8 	45.5 	45.2 	45.2 	45.1 	44.8 	44.2 	41.9 	38.8 	38.9 
GHG,TOTXMEMONIA,T_HAB,IT	9.2 	9.0 	9.0 	9.1 	8.8 	9.1 	9.0 	9.3 	9.5 	9.5 	9.6 	9.4 	9.4 	9.9 	9.8 	9.8 	9.6 	9.8 	9.2 	8.2 	8.3 	8.2 	8.0 	7.0 	6.6 	6.8 	6.8 	7.0 	6.6 	6.6 b	6.0 	6.7 
GHG,TOTXMEMONIA,T_HAB,LT	11.7 	12.1 	7.0 	5.1 	4.9 	5.0 	6.8 	6.4 	4.6 	4.0 	2.9 	3.8 	4.2 	4.5 	4.9 	5.6 	5.9 	6.0 	5.6 	4.0 	3.4 	3.5 	3.7 	3.6 	3.9 	4.3 	4.7 	5.0 	5.3 	5.3 	4.9 	5.1 
GHG,TOTXMEMONIA,T_HAB,LU	34.4 	35.4 	33.3 	32.9 	31.0 	24.8 	24.6 	22.9 	21.1 	22.0 	22.9 	24.0 	25.7 	26.5 	29.3 	29.5 	28.7 	27.4 	26.7 	25.0 	26.1 	25.0 	23.7 b	21.9 	20.8 	19.9 	19.1 	19.5 b	20.0 	19.7 	16.2 	16.7 
GHG,TOTXMEMONIA,T_HAB,LV	5.2 	4.4 	2.4 	1.2 	-0.8 	-0.9 	-0.9 	-0.4 	-0.2 	1.0 	-0.7 	-0.6 	0.1 	0.4 	2.0 	2.3 	2.2 	2.7 	2.3 	3.4 	4.9 	4.4 	3.7 	4.3 	6.3 	5.7 	4.8 	4.2 	5.8 	4.9 	6.0 	7.1 
GHG,TOTXMEMONIA,T_HAB,MT	8.0 	7.3 b	7.5 	9.1 	8.5 	8.0 	8.2 	8.2 	8.1 	8.2 	7.9 	8.4 	8.4 	8.9 	8.6 	8.1 	8.2 	8.4 	8.1 	7.7 	7.9 	7.8 	8.2 	7.3 	7.2 	5.6 	4.9 	5.3 	5.2 	5.3 	4.5 	4.6 
GHG,TOTXMEMONIA,T_HAB,NL	15.6 	16.0 	16.0 	15.9 	15.9 	15.9 	16.5 	15.9 	15.9 	15.0 	14.8 	14.7 	14.5 	14.5 	14.6 	14.2 	13.9 	13.7 	13.7 	13.2 	13.8 	13.0 	12.7 	12.6 	12.1 	12.5 	12.4 	12.2 	11.8 	11.4 	10.1 	10.2 
GHG,TOTXMEMONIA,T_HAB,NO	9.9 	8.9 	8.6 	8.7 	9.6 	8.6 	9.4 	9.6 	9.0 	8.9 	8.3 	8.1 	7.5 	7.3 	7.4 	7.7 	7.2 	7.5 	6.8 	5.5 	6.7 	6.2 	6.7 	6.6 	7.3 	8.3 	8.0 	8.0 	7.8 	7.0 	5.7 	6.3 
GHG,TOTXMEMONIA,T_HAB,PL	11.7 	11.6 	11.8 	11.5 	11.4 	11.1 	11.0 	10.8 	9.8 	9.6 	9.4 b	9.6 	9.1 	9.4 	9.3 	9.3 	9.8 	10.0 	9.8 	9.4 	9.9 b	9.7 	9.5 	9.3 	9.2 	9.4 	9.5 	9.9 	9.9 e	9.8 e	9.3 ep	10.1 ep
GHG,TOTXMEMONIA,T_HAB,PT	6.8 	6.1 	5.8 	5.6 	5.8 	6.1 	5.9 	6.1 	6.6 	7.4 	8.0 	7.3 	7.7 	8.5 	7.9 	8.8 	7.8 	7.5 	6.7 	6.2 	6.2 	6.4 	6.5 	6.4 	6.0 	6.5 	6.9 	9.4 	6.7 	6.2 	5.3 	5.1 bp
GHG,TOTXMEMONIA,T_HAB,RO	9.9 	7.9 	7.2 	6.7 	6.6 	7.0 	7.2 	6.9 	6.0 	5.2 	4.9 	5.1 	5.4 	5.6 	5.6 	5.5 	5.6 	5.9 	5.8 	4.9 	4.4 	4.8 	4.5 	4.0 	3.4 	3.4 	3.2 	3.5 	3.7 	3.5 e	3.2 e	3.5 e
GHG,TOTXMEMONIA,T_HAB,SE	3.1 	3.1 	3.1 	3.6 	3.7 	3.6 	3.8 	3.2 	3.1 	2.8 	2.5 	2.5 	2.6 	2.9 	3.1 	2.8 	2.0 	2.1 	1.9 	1.4 	1.7 	1.2 	0.8 	0.9 	0.8 	1.0 	1.1 	1.6 	1.9 	1.5 	0.6 	0.7 
GHG,TOTXMEMONIA,T_HAB,SI	7.2 	6.4 	6.3 	6.5 	6.6 	6.9 	6.9 	7.1 	6.9 	6.5 	6.4 	7.0 	6.5 	6.5 	6.6 	6.7 	6.8 	6.7 	7.2 b	6.1 	6.2 	6.2 	5.9 	6.4 	8.5 	8.6 	9.1 	9.1 	9.1 	6.7 	6.1 	6.2 
GHG,TOTXMEMONIA,T_HAB,SK	12.2 	10.2 	9.0 	8.4 	8.0 	8.2 	8.1 	8.1 	7.8 	7.7 	7.4 	7.9 	7.6 	7.7 	7.9 	8.6 	8.0 	7.7 	8.0 	7.3 	7.6 	7.3 	6.6 	6.4 	6.5 	6.5 	6.6 	6.8 	6.9 	6.4 	5.4 	6.2 
